Airdrop / Distributor 20,Accounts (19),https://cn.etherscan.com/accounts/label/airdrop-distributor
Airdrop Hunter 1437,Accounts (1437),https://cn.etherscan.com/accounts/label/airdrop-hunter
AirSwap 18,Accounts (16),https://cn.etherscan.com/accounts/label/airswap
AladdinDAO 2,Accounts (2),https://cn.etherscan.com/accounts/label/aladdindao
Alameda Research 30,Accounts (29),https://cn.etherscan.com/accounts/label/alameda-research
Alchemist Coin 16,Accounts (14),https://cn.etherscan.com/accounts/label/alchemist-coin
Alchemix Finance 43,Accounts (43),https://cn.etherscan.com/accounts/label/alchemix-finance
Allbit 2,Accounts (2),https://cn.etherscan.com/accounts/label/allbit
Ampleforth 6,Accounts (5),https://cn.etherscan.com/accounts/label/ampleforth
Arbitrum 55,Accounts (55),https://cn.etherscan.com/accounts/label/arbitrum
Arbitrum Nova 13,Accounts (13),https://cn.etherscan.com/accounts/label/arbitrum-nova
Arbitrum One 16,Accounts (16),https://cn.etherscan.com/accounts/label/arbitrum-one
ARCx 29,Accounts (29),https://cn.etherscan.com/accounts/label/arcx
Armor.fi 14,Accounts (13),https://cn.etherscan.com/accounts/label/armor-fi
Art Blocks 6,Accounts (4),https://cn.etherscan.com/accounts/label/art-blocks
AscendEX 10,Accounts (8),https://cn.etherscan.com/accounts/label/ascendex
Asset Management 48,Accounts (1),https://cn.etherscan.com/accounts/label/asset-management
AtomSolutions 12,Accounts (11),https://cn.etherscan.com/accounts/label/atomsolutions
Auction 13,Accounts (8),https://cn.etherscan.com/accounts/label/auction
Audius 2,Accounts (2),https://cn.etherscan.com/accounts/label/audius
Augmented Finance 51,Accounts (51),https://cn.etherscan.com/accounts/label/augmented-finance
Augur 16,Accounts (11),https://cn.etherscan.com/accounts/label/augur
Aura Finance 40,Accounts (38),https://cn.etherscan.com/accounts/label/aura-finance
Aurora 3,Accounts (2),https://cn.etherscan.com/accounts/label/aurora
Authereum 65,Accounts (65),https://cn.etherscan.com/accounts/label/authereum
Avalanche 5,Accounts (5),https://cn.etherscan.com/accounts/label/avalanche
Axie Infinity 22,Accounts (17),https://cn.etherscan.com/accounts/label/axie-infinity
Backrunning Bots 2,Accounts (2),https://cn.etherscan.com/accounts/label/backrunning-bots
Balancer 2960,Accounts (2958),https://cn.etherscan.com/accounts/label/balancer
Balancer Vested Shareholders 51,Accounts (51),https://cn.etherscan.com/accounts/label/balancer-vested-shareholders
Bancor 1230,Accounts (1082),https://cn.etherscan.com/accounts/label/bancor
Bancor Contract Vulnerability 3,Accounts (3),https://cn.etherscan.com/accounts/label/bancor-contract-vulnerability
Band 5,Accounts (4),https://cn.etherscan.com/accounts/label/band
Basic Attention Token 6,Accounts (5),https://cn.etherscan.com/accounts/label/basic-attention-token
Beeple 5,Accounts (1),https://cn.etherscan.com/accounts/label/beeple
Bgogo 4,Accounts (3),https://cn.etherscan.com/accounts/label/bgogo
Binance 65,Accounts (56),https://cn.etherscan.com/accounts/label/binance
Bitcoin Suisse 6,Accounts (6),https://cn.etherscan.com/accounts/label/bitcoin-suisse
BitcoinSoV 6,Accounts (5),https://cn.etherscan.com/accounts/label/bitcoinsov
BitDAO 19,Accounts (19),https://cn.etherscan.com/accounts/label/bitdao
Bitfinex 47,Accounts (40),https://cn.etherscan.com/accounts/label/bitfinex
Bithumb 18,Accounts (18),https://cn.etherscan.com/accounts/label/bithumb
BitMart 6,Accounts (5),https://cn.etherscan.com/accounts/label/bitmart
BitMEX 2,Accounts (2),https://cn.etherscan.com/accounts/label/bitmex
Bitpie 10,Accounts (10),https://cn.etherscan.com/accounts/label/bitpie
Bitstamp 9,Accounts (9),https://cn.etherscan.com/accounts/label/bitstamp
BitTorrent 4,Accounts (2),https://cn.etherscan.com/accounts/label/bittorrent
Bittrex 4,Accounts (4),https://cn.etherscan.com/accounts/label/bittrex
Blockchain Cuties 39,Accounts (35),https://cn.etherscan.com/accounts/label/blockchain-cuties
Blocked 661,Accounts (661),https://cn.etherscan.com/accounts/label/blocked
BlockFi 6,Accounts (6),https://cn.etherscan.com/accounts/label/blockfi
Bloom 5,Accounts (4),https://cn.etherscan.com/accounts/label/bloom
bloXroute 3,Accounts (3),https://cn.etherscan.com/accounts/label/bloxroute
Bounties Network 2,Accounts (2),https://cn.etherscan.com/accounts/label/bounties-network
Bounty 7,Accounts (3),https://cn.etherscan.com/accounts/label/bounty
Brave Frontier Heroes 13,Accounts (11),https://cn.etherscan.com/accounts/label/brave-frontier-heroes
Bridge 196,Accounts (165),https://cn.etherscan.com/accounts/label/bridge
Bugs 2,Accounts (2),https://cn.etherscan.com/accounts/label/bugs
BuidlGuidl Builders 373,Accounts (373),https://cn.etherscan.com/accounts/label/buidlguidl-builders
Burn 26,Accounts (25),https://cn.etherscan.com/accounts/label/burn
bZx 25,Accounts (13),https://cn.etherscan.com/accounts/label/bzx
CACHE Gold 10,Accounts (9),https://cn.etherscan.com/accounts/label/cache-gold
Celer Network 6,Accounts (6),https://cn.etherscan.com/accounts/label/celer-network
Celsius Network 29,Accounts (24),https://cn.etherscan.com/accounts/label/celsius-network
Centre 8,Accounts (7),https://cn.etherscan.com/accounts/label/centre
Chain 10,Accounts (8),https://cn.etherscan.com/accounts/label/chain
Chainlink 282,Accounts (282),https://cn.etherscan.com/accounts/label/chainlink
ChangeNOW 4,Accounts (3),https://cn.etherscan.com/accounts/label/changenow
Charity 101,Accounts (8),https://cn.etherscan.com/accounts/label/charity
Cheese Wizard 3,Accounts (3),https://cn.etherscan.com/accounts/label/cheese-wizard
Chibi Fighters 6,Accounts (4),https://cn.etherscan.com/accounts/label/chibi-fighters
Closure 15,Accounts (8),https://cn.etherscan.com/accounts/label/closure
Cobinhood 5,Accounts (4),https://cn.etherscan.com/accounts/label/cobinhood
Coinbase 15,Accounts (15),https://cn.etherscan.com/accounts/label/coinbase
Coinbit 8,Accounts (4),https://cn.etherscan.com/accounts/label/coinbit
Coinhako 5,Accounts (5),https://cn.etherscan.com/accounts/label/coinhako
CoinList 3,Accounts (3),https://cn.etherscan.com/accounts/label/coinlist
CoinMarketFeed 7,Accounts (6),https://cn.etherscan.com/accounts/label/coinmarketfeed
CoinMetro 7,Accounts (7),https://cn.etherscan.com/accounts/label/coinmetro
Coinone 4,Accounts (4),https://cn.etherscan.com/accounts/label/coinone
Coinsquare 25,Accounts (25),https://cn.etherscan.com/accounts/label/coinsquare
Cold Wallet 11,Accounts (11),https://cn.etherscan.com/accounts/label/cold-wallet
Collectibles 186,Accounts (3),https://cn.etherscan.com/accounts/label/collectibles
Communication 13,Accounts (1),https://cn.etherscan.com/accounts/label/communication
Company Funds 13,Accounts (13),https://cn.etherscan.com/accounts/label/company-funds
Compound 80,Accounts (47),https://cn.etherscan.com/accounts/label/compound
Compound Governance 30,Accounts (30),https://cn.etherscan.com/accounts/label/compound-governance
Connext 7,Accounts (7),https://cn.etherscan.com/accounts/label/connext
Convex Finance 21,Accounts (21),https://cn.etherscan.com/accounts/label/convex-finance
COSS.io 8,Accounts (6),https://cn.etherscan.com/accounts/label/coss-io
Counter.Market 4,Accounts (4),https://cn.etherscan.com/accounts/label/counter-market
CoW Protocol 11,Accounts (9),https://cn.etherscan.com/accounts/label/cow-protocol
Cream.Finance 225,Accounts (151),https://cn.etherscan.com/accounts/label/cream-finance
Creepz 12,Accounts (8),https://cn.etherscan.com/accounts/label/creepz
CREX24 1,Accounts (1),https://cn.etherscan.com/accounts/label/crex24
Crypto.com 25,Accounts (21),https://cn.etherscan.com/accounts/label/crypto-com
CryptoAtoms 6,Accounts (5),https://cn.etherscan.com/accounts/label/cryptoatoms
CryptoBots 4,Accounts (2),https://cn.etherscan.com/accounts/label/cryptobots
CryptoDozer 11,Accounts (6),https://cn.etherscan.com/accounts/label/cryptodozer
Cryptograph 3,Accounts (2),https://cn.etherscan.com/accounts/label/cryptograph
CryptoKitties 6,Accounts (5),https://cn.etherscan.com/accounts/label/cryptokitties
CryptoPunks 6,Accounts (4),https://cn.etherscan.com/accounts/label/cryptopunks
CryptoRome 6,Accounts (3),https://cn.etherscan.com/accounts/label/cryptorome
CryptoSaga 8,Accounts (6),https://cn.etherscan.com/accounts/label/cryptosaga
CryptoServal 4,Accounts (2),https://cn.etherscan.com/accounts/label/cryptoserval
CryptoSpells 10,Accounts (8),https://cn.etherscan.com/accounts/label/cryptospells
CryptoWars 3,Accounts (2),https://cn.etherscan.com/accounts/label/cryptowars
Curve.fi 198,Accounts (183),https://cn.etherscan.com/accounts/label/curve-fi
DAO 177,Accounts (8),https://cn.etherscan.com/accounts/label/dao
DAO Funds 2,Accounts (2),https://cn.etherscan.com/accounts/label/dao-funds
DAppNode 7,Accounts (6),https://cn.etherscan.com/accounts/label/dappnode
Darwinia Network 11,Accounts (3),https://cn.etherscan.com/accounts/label/darwinia-network
Decentraland 56,Accounts (30),https://cn.etherscan.com/accounts/label/decentraland
DeFi 1677,Accounts (121),https://cn.etherscan.com/accounts/label/defi
DeFi Education Fund 8,Accounts (8),https://cn.etherscan.com/accounts/label/defi-education-fund
DeFi Saver 12,Accounts (12),https://cn.etherscan.com/accounts/label/defi-saver
DeFiance Capital 3,Accounts (2),https://cn.etherscan.com/accounts/label/defiance-capital
Deprecated 116,Accounts (75),https://cn.etherscan.com/accounts/label/deprecated
Deribit 10,Accounts (10),https://cn.etherscan.com/accounts/label/deribit
Derivatives 48,Accounts (20),https://cn.etherscan.com/accounts/label/derivatives
DEX 233,Accounts (86),https://cn.etherscan.com/accounts/label/dex
DEX.AG 4,Accounts (4),https://cn.etherscan.com/accounts/label/dex-ag
dForce 37,Accounts (17),https://cn.etherscan.com/accounts/label/dforce
DigiFinex 7,Accounts (5),https://cn.etherscan.com/accounts/label/digifinex
DINNGO 4,Accounts (3),https://cn.etherscan.com/accounts/label/dinngo
Donate 96,Accounts (85),https://cn.etherscan.com/accounts/label/donate
Dragonereum 35,Accounts (32),https://cn.etherscan.com/accounts/label/dragonereum
DutchX 4,Accounts (4),https://cn.etherscan.com/accounts/label/dutchx
DXdao 3,Accounts (3),https://cn.etherscan.com/accounts/label/dxdao
dYdX 50,Accounts (49),https://cn.etherscan.com/accounts/label/dydx
E-Commerce 66,Accounts (1),https://cn.etherscan.com/accounts/label/e-commerce
Education 64,Accounts (1),https://cn.etherscan.com/accounts/label/education
Electronics 1,Accounts (1),https://cn.etherscan.com/accounts/label/electronics
Empty Set Dollar 5,Accounts (5),https://cn.etherscan.com/accounts/label/empty-set-dollar
Energy Sector 70,Accounts (1),https://cn.etherscan.com/accounts/label/energy-sector
ENS 42,Accounts (36),https://cn.etherscan.com/accounts/label/ens
Enzyme Finance 60,Accounts (59),https://cn.etherscan.com/accounts/label/enzyme-finance
Erasure 4,Accounts (4),https://cn.etherscan.com/accounts/label/erasure
Escrow 8,Accounts (1),https://cn.etherscan.com/accounts/label/escrow
Ether Cards 8,Accounts (6),https://cn.etherscan.com/accounts/label/ether-cards
Ether Legends 5,Accounts (4),https://cn.etherscan.com/accounts/label/ether-legends
Etheremon 50,Accounts (46),https://cn.etherscan.com/accounts/label/etheremon
Ethereum Foundation 3,Accounts (2),https://cn.etherscan.com/accounts/label/ethereum-foundation
Ethereum Mixer 1,Accounts (1),https://cn.etherscan.com/accounts/label/ethereum-mixer
Etheroll 9,Accounts (8),https://cn.etherscan.com/accounts/label/etheroll
Evmos 3,Accounts (2),https://cn.etherscan.com/accounts/label/evmos
F2Pool 3,Accounts (3),https://cn.etherscan.com/accounts/label/f2pool
Factory Contract 16,Accounts (15),https://cn.etherscan.com/accounts/label/factory-contract
Fantom 24,Accounts (23),https://cn.etherscan.com/accounts/label/fantom
Farming 4,Accounts (1),https://cn.etherscan.com/accounts/label/farming
FAT Brands Inc. 4,Accounts (2),https://cn.etherscan.com/accounts/label/fat-brands-inc
Fei Protocol 19,Accounts (19),https://cn.etherscan.com/accounts/label/fei-protocol
Fiat Gateway 28,Accounts (22),https://cn.etherscan.com/accounts/label/fiat-gateway
Finance 266,Accounts (2),https://cn.etherscan.com/accounts/label/finance
Flagged by SEC 4,Accounts (2),https://cn.etherscan.com/accounts/label/flagged-by-sec
Flexa 7,Accounts (6),https://cn.etherscan.com/accounts/label/flexa
Flowerpatch 2,Accounts (1),https://cn.etherscan.com/accounts/label/flowerpatch
FOAM 9,Accounts (6),https://cn.etherscan.com/accounts/label/foam
Fomo3D 8,Accounts (7),https://cn.etherscan.com/accounts/label/fomo3d
ForTube 12,Accounts (12),https://cn.etherscan.com/accounts/label/fortube
Fraud Proof 5,Accounts (5),https://cn.etherscan.com/accounts/label/fraud-proof
Freelance 18,Accounts (1),https://cn.etherscan.com/accounts/label/freelance
FTX 28,Accounts (13),https://cn.etherscan.com/accounts/label/ftx
Fund 97,Accounts (61),https://cn.etherscan.com/accounts/label/fund
Furucombo 13,Accounts (12),https://cn.etherscan.com/accounts/label/furucombo
Gambling 146,Accounts (43),https://cn.etherscan.com/accounts/label/gambling
Gaming 561,Accounts (8),https://cn.etherscan.com/accounts/label/gaming
Gate.io 7,Accounts (7),https://cn.etherscan.com/accounts/label/gate-io
GBX 7,Accounts (5),https://cn.etherscan.com/accounts/label/gbx
Gearbox Protocol 11,Accounts (11),https://cn.etherscan.com/accounts/label/gearbox-protocol
Geeq 13,Accounts (12),https://cn.etherscan.com/accounts/label/geeq
Gem 10,Accounts (10),https://cn.etherscan.com/accounts/label/gem
Gemini 16,Accounts (14),https://cn.etherscan.com/accounts/label/gemini
Genesis 14,Accounts (13),https://cn.etherscan.com/accounts/label/genesis
Gitcoin Grants 212,Accounts (211),https://cn.etherscan.com/accounts/label/gitcoin-grants
Giveth.io 3,Accounts (3),https://cn.etherscan.com/accounts/label/giveth-io
Gods Unchained 27,Accounts (24),https://cn.etherscan.com/accounts/label/gods-unchained
Governance 75,Accounts (1),https://cn.etherscan.com/accounts/label/governance
Hakka Finance 8,Accounts (5),https://cn.etherscan.com/accounts/label/hakka-finance
High Risk 2,Accounts (2),https://cn.etherscan.com/accounts/label/high-risk
HitBTC 6,Accounts (6),https://cn.etherscan.com/accounts/label/hitbtc
Hoo.com 7,Accounts (7),https://cn.etherscan.com/accounts/label/hoo-com
Hop Protocol 31,Accounts (30),https://cn.etherscan.com/accounts/label/hop-protocol
Hot Wallet 10,Accounts (10),https://cn.etherscan.com/accounts/label/hot-wallet
Hotbit 5,Accounts (4),https://cn.etherscan.com/accounts/label/hotbit
Humanity 8,Accounts (7),https://cn.etherscan.com/accounts/label/humanity
Huobi 85,Accounts (82),https://cn.etherscan.com/accounts/label/huobi
Hydro Protocol 9,Accounts (8),https://cn.etherscan.com/accounts/label/hydro-protocol
Hyper Dragons 7,Accounts (6),https://cn.etherscan.com/accounts/label/hyper-dragons
ICO Wallets 178,Accounts (178),https://cn.etherscan.com/accounts/label/ico-wallets
IDEX 9,Accounts (6),https://cn.etherscan.com/accounts/label/idex
Idle.finance 144,Accounts (85),https://cn.etherscan.com/accounts/label/idle-finance
Illuvium 5,Accounts (4),https://cn.etherscan.com/accounts/label/illuvium
Index Coop 9,Accounts (8),https://cn.etherscan.com/accounts/label/index-coop
Industry Recovery Initiative 1,Accounts (1),https://cn.etherscan.com/accounts/label/industry-recovery-initiative
InstaDApp 21,Accounts (21),https://cn.etherscan.com/accounts/label/instadapp
Insurance 48,Accounts (1),https://cn.etherscan.com/accounts/label/insurance
Insureum 4,Accounts (1),https://cn.etherscan.com/accounts/label/insureum
Inverse Finance 20,Accounts (20),https://cn.etherscan.com/accounts/label/inverse-finance
Investment 95,Accounts (1),https://cn.etherscan.com/accounts/label/investment
Jarvis Network 10,Accounts (5),https://cn.etherscan.com/accounts/label/jarvis-network
Juicebox 10,Accounts (10),https://cn.etherscan.com/accounts/label/juicebox
Keep 9,Accounts (8),https://cn.etherscan.com/accounts/label/keep
Keep2r 17,Accounts (14),https://cn.etherscan.com/accounts/label/keep2r
Korbit 8,Accounts (8),https://cn.etherscan.com/accounts/label/korbit
Kraken 18,Accounts (18),https://cn.etherscan.com/accounts/label/kraken
Kryptono 5,Accounts (4),https://cn.etherscan.com/accounts/label/kryptono
KuCoin 22,Accounts (20),https://cn.etherscan.com/accounts/label/kucoin
KyberSwap 117,Accounts (114),https://cn.etherscan.com/accounts/label/kyberswap
LAToken 5,Accounts (4),https://cn.etherscan.com/accounts/label/latoken
Layer 2 138,Accounts (126),https://cn.etherscan.com/accounts/label/layer-2
LCX AG 6,Accounts (5),https://cn.etherscan.com/accounts/label/lcx-ag
Lido 67,Accounts (63),https://cn.etherscan.com/accounts/label/lido
Liqui.io 2,Accounts (2),https://cn.etherscan.com/accounts/label/liqui.io
Liquid 8,Accounts (6),https://cn.etherscan.com/accounts/label/liquid
Liquidity 22,Accounts (1),https://cn.etherscan.com/accounts/label/liquidity
Liquity 20,Accounts (18),https://cn.etherscan.com/accounts/label/liquity
Livepeer 28,Accounts (27),https://cn.etherscan.com/accounts/label/livepeer
Loans 129,Accounts (11),https://cn.etherscan.com/accounts/label/loans
Logic Contract 8,Accounts (8),https://cn.etherscan.com/accounts/label/logic-contract
LooksRare 20,Accounts (19),https://cn.etherscan.com/accounts/label/looksrare
Loopring 20,Accounts (18),https://cn.etherscan.com/accounts/label/loopring
LORDLESS 6,Accounts (3),https://cn.etherscan.com/accounts/label/lordless
LUKSO Blockchain 6,Accounts (5),https://cn.etherscan.com/accounts/label/lukso-blockchain
Maker 85,Accounts (81),https://cn.etherscan.com/accounts/label/maker
Maker Vault Owner 282,Accounts (282),https://cn.etherscan.com/accounts/label/maker-vault-owner
MANTRA 37,Accounts (21),https://cn.etherscan.com/accounts/label/mantra
Marketing 32,Accounts (1),https://cn.etherscan.com/accounts/label/marketing
Marketplace 161,Accounts (16),https://cn.etherscan.com/accounts/label/marketplace
MaskEX 18,Accounts (18),https://cn.etherscan.com/accounts/label/maskex
MCDEX 49,Accounts (49),https://cn.etherscan.com/accounts/label/mcdex
Media 35,Accounts (1),https://cn.etherscan.com/accounts/label/media
MEDIKEY 13,Accounts (12),https://cn.etherscan.com/accounts/label/medikey
MEETtoken 8,Accounts (7),https://cn.etherscan.com/accounts/label/meettoken
MegaCryptoPolis 13,Accounts (7),https://cn.etherscan.com/accounts/label/megacryptopolis
MekaVerse 8,Accounts (5),https://cn.etherscan.com/accounts/label/mekaverse
MESG 7,Accounts (6),https://cn.etherscan.com/accounts/label/mesg
MetaMask 4,Accounts (3),https://cn.etherscan.com/accounts/label/metamask
Metis Andromeda 16,Accounts (16),https://cn.etherscan.com/accounts/label/metis-andromeda
Metronome 6,Accounts (5),https://cn.etherscan.com/accounts/label/metronome
MEV Bot 313,Accounts (313),https://cn.etherscan.com/accounts/label/mev-bot
MEV Builder 31,Accounts (31),https://cn.etherscan.com/accounts/label/mev-builder
MEV Protection 5,Accounts (2),https://cn.etherscan.com/accounts/label/mev-protection
Mining 198,Accounts (127),https://cn.etherscan.com/accounts/label/mining
MiningPoolHub 8,Accounts (8),https://cn.etherscan.com/accounts/label/miningpoolhub
Mirror 25,Accounts (23),https://cn.etherscan.com/accounts/label/mirror
mStable 156,Accounts (151),https://cn.etherscan.com/accounts/label/mstable
Multichain 48,Accounts (36),https://cn.etherscan.com/accounts/label/multichain
Multisig 39,Accounts (39),https://cn.etherscan.com/accounts/label/multisig
Multisig Owner 25,Accounts (25),https://cn.etherscan.com/accounts/label/multisig-owner
Music 57,Accounts (1),https://cn.etherscan.com/accounts/label/music
My Crypto Heroes 31,Accounts (27),https://cn.etherscan.com/accounts/label/my-crypto-heroes
MyEtherWallet 2,Accounts (1),https://cn.etherscan.com/accounts/label/myetherwallet
NACDAQ 6,Accounts (6),https://cn.etherscan.com/accounts/label/nacdaq
Neo Tokyo 16,Accounts (8),https://cn.etherscan.com/accounts/label/neo-tokyo
Neon District 5,Accounts (3),https://cn.etherscan.com/accounts/label/neon-district
NEST Protocol 23,Accounts (22),https://cn.etherscan.com/accounts/label/nest-protocol
Network 48,Accounts (1),https://cn.etherscan.com/accounts/label/network
News 15,Accounts (1),https://cn.etherscan.com/accounts/label/news
Nexo 9,Accounts (8),https://cn.etherscan.com/accounts/label/nexo
Nexus Mutual 19,Accounts (18),https://cn.etherscan.com/accounts/label/nexus-mutual
Nifty Gateway 9,Accounts (5),https://cn.etherscan.com/accounts/label/nifty-gateway
Nitro 29,Accounts (29),https://cn.etherscan.com/accounts/label/nitro
Nuo Network 14,Accounts (14),https://cn.etherscan.com/accounts/label/nuo-network
OKX 26,Accounts (25),https://cn.etherscan.com/accounts/label/okx
Old Contract 1752,Accounts (1153),https://cn.etherscan.com/accounts/label/old-contract
OlympusDAO 47,Accounts (47),https://cn.etherscan.com/accounts/label/olympusdao
OMG Network 16,Accounts (14),https://cn.etherscan.com/accounts/label/omg-network
Onyx.to 7,Accounts (4),https://cn.etherscan.com/accounts/label/onyx-to
Oobit 7,Accounts (6),https://cn.etherscan.com/accounts/label/oobit
Ooki 2,Accounts (1),https://cn.etherscan.com/accounts/label/ooki
Open Grants 22,Accounts (22),https://cn.etherscan.com/accounts/label/open-grants
OpenSea 18,Accounts (16),https://cn.etherscan.com/accounts/label/opensea
Opium Team 11,Accounts (11),https://cn.etherscan.com/accounts/label/opium-team
Opportunist 9,Accounts (8),https://cn.etherscan.com/accounts/label/opportunist
Optics 1,Accounts (1),https://cn.etherscan.com/accounts/label/optics
Optimism 30,Accounts (30),https://cn.etherscan.com/accounts/label/optimism
Options Trading 9,Accounts (3),https://cn.etherscan.com/accounts/label/options-trading
Opyn 5,Accounts (5),https://cn.etherscan.com/accounts/label/opyn
Oracle 36,Accounts (11),https://cn.etherscan.com/accounts/label/oracle
Oracle DAO 26,Accounts (26),https://cn.etherscan.com/accounts/label/oracle-dao
Orchid 7,Accounts (6),https://cn.etherscan.com/accounts/label/orchid
Origin Protocol 17,Accounts (15),https://cn.etherscan.com/accounts/label/origin-protocol
Origo 4,Accounts (3),https://cn.etherscan.com/accounts/label/origo
OTC 16,Accounts (9),https://cn.etherscan.com/accounts/label/otc
ParaSwap 10,Accounts (9),https://cn.etherscan.com/accounts/label/paraswap
Paribu 5,Accounts (5),https://cn.etherscan.com/accounts/label/paribu
Parity Bug 153,Accounts (153),https://cn.etherscan.com/accounts/label/parity-bug
Payments 223,Accounts (6),https://cn.etherscan.com/accounts/label/payments
POA Network 11,Accounts (10),https://cn.etherscan.com/accounts/label/poa-network
Polkastarter 112,Accounts (112),https://cn.etherscan.com/accounts/label/polkastarter
Poloniex 20,Accounts (20),https://cn.etherscan.com/accounts/label/poloniex
Polychain Monsters 6,Accounts (4),https://cn.etherscan.com/accounts/label/polychain-monsters
Polygon (Matic) 45,Accounts (41),https://cn.etherscan.com/accounts/label/polygon-matic
PoolTogether 62,Accounts (48),https://cn.etherscan.com/accounts/label/pooltogether
Prediction 6,Accounts (1),https://cn.etherscan.com/accounts/label/prediction
Prediction Market 21,Accounts (1),https://cn.etherscan.com/accounts/label/prediction-market
Premia 30,Accounts (28),https://cn.etherscan.com/accounts/label/premia
Proposer Fee Recipient 69,Accounts (69),https://cn.etherscan.com/accounts/label/proposer-fee-recipient
Protocol 134,Accounts (23),https://cn.etherscan.com/accounts/label/protocol
Proxy Contract 51,Accounts (51),https://cn.etherscan.com/accounts/label/proxy-contract
Pundi X 18,Accounts (15),https://cn.etherscan.com/accounts/label/pundi-x
QuadrigaCX 3,Accounts (3),https://cn.etherscan.com/accounts/label/quadrigacx
Radicle 6,Accounts (5),https://cn.etherscan.com/accounts/label/radicle
Raiden 4,Accounts (4),https://cn.etherscan.com/accounts/label/raiden
RaidParty 8,Accounts (5),https://cn.etherscan.com/accounts/label/raidparty
Rari Capital 54,Accounts (50),https://cn.etherscan.com/accounts/label/rari-capital
Rarible 19,Accounts (13),https://cn.etherscan.com/accounts/label/rarible
Real Estate 75,Accounts (1),https://cn.etherscan.com/accounts/label/real-estate
Redacted Cartel 15,Accounts (14),https://cn.etherscan.com/accounts/label/redacted-cartel
Reflexer Finance 59,Accounts (59),https://cn.etherscan.com/accounts/label/reflexer-finance
Remitano 3,Accounts (3),https://cn.etherscan.com/accounts/label/remitano
Remme 7,Accounts (6),https://cn.etherscan.com/accounts/label/remme
Ren 32,Accounts (23),https://cn.etherscan.com/accounts/label/ren
Reserve Protocol 9,Accounts (6),https://cn.etherscan.com/accounts/label/reserve-protocol
ReserveLending 21,Accounts (11),https://cn.etherscan.com/accounts/label/reservelending
Resfinex 5,Accounts (4),https://cn.etherscan.com/accounts/label/resfinex
Revain 9,Accounts (6),https://cn.etherscan.com/accounts/label/revain
Revest Finance 14,Accounts (14),https://cn.etherscan.com/accounts/label/revest-finance
Rhino.fi 12,Accounts (11),https://cn.etherscan.com/accounts/label/rhino-fi
Ribbon Finance 17,Accounts (14),https://cn.etherscan.com/accounts/label/ribbon-finance
Robo-Advisor Yield 8,Accounts (8),https://cn.etherscan.com/accounts/label/robo-advisor-yield
Rocket Pool 22,Accounts (20),https://cn.etherscan.com/accounts/label/rocket-pool
Router 6,Accounts (6),https://cn.etherscan.com/accounts/label/router
Sablier 5,Accounts (5),https://cn.etherscan.com/accounts/label/sablier
Saddle Finance 19,Accounts (16),https://cn.etherscan.com/accounts/label/saddle-finance
Safe (formerly Gnosis Safe) 44,Accounts (43),https://cn.etherscan.com/accounts/label/safe-formerly-gnosis-safe
Saffron.Finance 6,Accounts (5),https://cn.etherscan.com/accounts/label/saffron-finance
Scroll Network 5,Accounts (5),https://cn.etherscan.com/accounts/label/scroll-network
Security 49,Accounts (2),https://cn.etherscan.com/accounts/label/security
Sentinel Protocol 5,Accounts (4),https://cn.etherscan.com/accounts/label/sentinel-protocol
Set Protocol 185,Accounts (134),https://cn.etherscan.com/accounts/label/set-protocol
ShapeShift 17,Accounts (16),https://cn.etherscan.com/accounts/label/shapeshift
Shiba Inu 13,Accounts (10),https://cn.etherscan.com/accounts/label/shiba-inu
Silverway Platform 4,Accounts (3),https://cn.etherscan.com/accounts/label/silverway-platform
Smart Contract 20,Accounts (2),https://cn.etherscan.com/accounts/label/smart-contract
Solv Protocol 35,Accounts (33),https://cn.etherscan.com/accounts/label/solv-protocol
Something Fishy ? 1,Accounts (1),https://cn.etherscan.com/accounts/label/something-fishy
Sorare 9,Accounts (7),https://cn.etherscan.com/accounts/label/sorare
Sorbet Finance 3,Accounts (3),https://cn.etherscan.com/accounts/label/sorbet-finance
Spam Token 31,Accounts (10),https://cn.etherscan.com/accounts/label/spam-token
Stablecoin 211,Accounts (1),https://cn.etherscan.com/accounts/label/stablecoin
Staking 628,Accounts (29),https://cn.etherscan.com/accounts/label/staking
StarkNet 9,Accounts (9),https://cn.etherscan.com/accounts/label/starknet
Status 7,Accounts (6),https://cn.etherscan.com/accounts/label/status
Stoner Cats 3,Accounts (1),https://cn.etherscan.com/accounts/label/stoner-cats
Streamity 11,Accounts (9),https://cn.etherscan.com/accounts/label/streamity
StrongBlock 7,Accounts (5),https://cn.etherscan.com/accounts/label/strongblock
sudoswap 3,Accounts (3),https://cn.etherscan.com/accounts/label/sudoswap
SuperRare 8,Accounts (6),https://cn.etherscan.com/accounts/label/superrare
SushiSwap 3480,Accounts (3477),https://cn.etherscan.com/accounts/label/sushiswap
Swipe.io 9,Accounts (8),https://cn.etherscan.com/accounts/label/swipe-io
SwipeSwap 11,Accounts (11),https://cn.etherscan.com/accounts/label/swipeswap
Switcheo 3,Accounts (3),https://cn.etherscan.com/accounts/label/switcheo
Sybil Delegate 223,Accounts (222),https://cn.etherscan.com/accounts/label/sybil-delegate
Synapse 11,Accounts (10),https://cn.etherscan.com/accounts/label/synapse
Synthetix 589,Accounts (524),https://cn.etherscan.com/accounts/label/synthetix
Syscoin 5,Accounts (5),https://cn.etherscan.com/accounts/label/syscoin
TAGZ 6,Accounts (4),https://cn.etherscan.com/accounts/label/tagz
Take Action 3091,Accounts (3091),https://cn.etherscan.com/accounts/label/take-action
tBTC 8,Accounts (5),https://cn.etherscan.com/accounts/label/tbtc
Tidex 2,Accounts (2),https://cn.etherscan.com/accounts/label/tidex
Token Migration 3,Accounts (1),https://cn.etherscan.com/accounts/label/token-migration
Token Sale 437,Accounts (437),https://cn.etherscan.com/accounts/label/token-sale
Tokenlon 29,Accounts (26),https://cn.etherscan.com/accounts/label/tokenlon
TopBTC 3,Accounts (2),https://cn.etherscan.com/accounts/label/topbtc
Tornado.Cash 64,Accounts (62),https://cn.etherscan.com/accounts/label/tornado-cash
Trade.io 7,Accounts (6),https://cn.etherscan.com/accounts/label/trade-io
Trading 215,Accounts (13),https://cn.etherscan.com/accounts/label/trading
TRON 7,Accounts (4),https://cn.etherscan.com/accounts/label/tron
TrustToken 16,Accounts (11),https://cn.etherscan.com/accounts/label/trusttoken
Typhoon.Cash 24,Accounts (23),https://cn.etherscan.com/accounts/label/typhoon-cash
unagii.com 25,Accounts (14),https://cn.etherscan.com/accounts/label/unagii-com
unFederalReserve 20,Accounts (10),https://cn.etherscan.com/accounts/label/unfederalreserve
Unibright 17,Accounts (16),https://cn.etherscan.com/accounts/label/unibright
Unicrypt 14,Accounts (12),https://cn.etherscan.com/accounts/label/unicrypt
Unifier System 5,Accounts (4),https://cn.etherscan.com/accounts/label/unifier-system
Unit Protocol 10,Accounts (10),https://cn.etherscan.com/accounts/label/unit-protocol
Unstoppable Domains 8,Accounts (6),https://cn.etherscan.com/accounts/label/unstoppable-domains
Upbit 4,Accounts (4),https://cn.etherscan.com/accounts/label/upbit
V1 34,Accounts (17),https://cn.etherscan.com/accounts/label/v1
V2 134,Accounts (112),https://cn.etherscan.com/accounts/label/v2
Value DeFi 35,Accounts (34),https://cn.etherscan.com/accounts/label/value-defi
Vaults 85,Accounts (52),https://cn.etherscan.com/accounts/label/vaults
Vesper Finance 13,Accounts (13),https://cn.etherscan.com/accounts/label/vesper-finance
Vodi X 3,Accounts (1),https://cn.etherscan.com/accounts/label/vodi-x
VPN 5,Accounts (1),https://cn.etherscan.com/accounts/label/vpn
Wallet App 78,Accounts (7),https://cn.etherscan.com/accounts/label/wallet-app
WBTC Merchant 21,Accounts (21),https://cn.etherscan.com/accounts/label/wbtc-merchant
Website Down 585,Accounts (112),https://cn.etherscan.com/accounts/label/website-down
White Hat Group 3,Accounts (3),https://cn.etherscan.com/accounts/label/white-hat-group
Wirex 3,Accounts (2),https://cn.etherscan.com/accounts/label/wirex
Wormhole 36,Accounts (18),https://cn.etherscan.com/accounts/label/wormhole
Wrapped Bitcoin 7,Accounts (5),https://cn.etherscan.com/accounts/label/wrapped-bitcoin
Yam.Finance 25,Accounts (22),https://cn.etherscan.com/accounts/label/yam-finance
Yearn.Finance 168,Accounts (95),https://cn.etherscan.com/accounts/label/yearn-finance
YFFI.finance 14,Accounts (6),https://cn.etherscan.com/accounts/label/yffi-finance
YFII.finance 10,Accounts (4),https://cn.etherscan.com/accounts/label/yfii-finance
ygov.finance 8,Accounts (7),https://cn.etherscan.com/accounts/label/ygov-finance
Yield Farming 725,Accounts (94),https://cn.etherscan.com/accounts/label/yield-farming
YUNBI 3,Accounts (3),https://cn.etherscan.com/accounts/label/yunbi
Zapper.Fi 93,Accounts (91),https://cn.etherscan.com/accounts/label/zapper-fi
ZB.com 4,Accounts (3),https://cn.etherscan.com/accounts/label/zb-com
Zerion 44,Accounts (44),https://cn.etherscan.com/accounts/label/zerion
Zethr 7,Accounts (6),https://cn.etherscan.com/accounts/label/zethr
Zora 3,Accounts (3),https://cn.etherscan.com/accounts/label/zora
